dataset,gene,n_tumour,n_normal,tumour_mean,normal_mean,log2FC,ci_low,ci_high,p,q
gse30784,EGFR,167,45,5.755840295712575,4.628637834377778,1.1272024613347975,0.8080582556843503,1.4463466669852447,5.1215915568378746e-11,2.6679161091566294e-10
gse30784,CASP3,167,45,8.600312141838323,8.702886177555554,-0.10257403571723067,-0.24079220557307648,0.03564413413861514,0.14343352755315592,0.1673391154786819
gse30784,ERBB2,167,45,2.574843410952096,2.7505881062888893,-0.17574469533679338,-0.3766351646152579,0.02514577394167114,0.08512739616089719,0.1083439587502328
gse30784,MMP9,167,45,9.354567278497006,5.397336110288888,3.957231168208118,3.173779724624125,4.740682611792111,4.888374090521186e-14,6.84372372672966e-13
gse30784,PIK3CA,167,45,5.7966271733532935,5.453844920688889,0.34278225266440465,0.18168815208457031,0.503876353244239,5.194555901013212e-05,0.00010389111802026424
gse30784,PIK3CG,167,45,3.990341059892215,3.9234405683111104,0.06690049158110467,-0.21859194570269236,0.3523929288649017,0.6406651969886716,0.6899471352185694
gse30784,PIK3CD,167,45,5.498809044619761,4.809847557511111,0.6889614871086502,0.3635456110388933,1.0143773631784072,8.571161086057674e-05,0.00014999531900600931
gse30784,PIK3CB,167,45,7.1113167832215565,7.394384943755558,-0.2830681605340013,-0.44657666787457995,-0.11955965319342268,0.0008602536065862755,0.0012043550492207857
gse30784,MDM2,167,45,3.453756093796407,3.297500190199999,0.15625590359640773,0.07065035596026654,0.24186145123254893,0.00040112307215641954,0.0006239692233544304
gse30784,VDR,167,45,5.181130112601797,4.709558192766666,0.4715719198351307,0.3272844190405686,0.6158594206296928,5.918164738896294e-09,1.6570861268909623e-08
gse30784,MMP2,167,45,2.5797722406467067,2.5793617421111112,0.00041049853559549376,-0.017955663448030356,0.018776660519221344,0.9647508108400236,0.9647508108400236
gse30784,MMP7,167,45,5.576483348592815,3.6100475758222235,1.9664357727705912,1.4220108983797757,2.5108606471614068,5.7169630910499195e-11,2.6679161091566294e-10
gse30784,BRAF,167,45,5.670360371982035,6.204560317555555,-0.53419994557352,-0.680735904012497,-0.38766398713454314,1.6842248756481678e-10,5.894787064768587e-10
gse30784,EDNRB,167,45,5.490014489209581,6.16581778717778,-0.6758032979681996,-0.9654909849386362,-0.38611561099776304,1.020710159721036e-05,2.381657039349084e-05
gse9844,EGFR,26,12,5.807242796297138,5.186575353354886,0.6206674429422518,0.17767386368506444,1.0636610221994394,0.007539179724793432,0.035182838715702686
gse9844,CASP3,26,12,5.133841545561351,5.075296752516567,0.058544793044783994,-0.39344236679472333,0.5105319528842913,0.7938178675152786,0.8276579318644721
gse9844,ERBB2,26,12,3.7415667108555173,3.759553245617495,-0.017986534761977868,-0.18653426816510335,0.15056119864114761,0.8276579318644721,0.8276579318644721
gse9844,MMP9,26,12,7.9213239448240795,5.732283426753462,2.189040518070618,0.8615198116779408,3.516561224463295,0.0027881369012195774,0.02540457707179323
gse9844,PIK3CA,26,12,3.867761613784354,3.7120974813372904,0.15566413244706334,0.006508704511685032,0.3048195603824416,0.041278344510871735,0.13267337734213835
gse9844,PIK3CG,26,12,3.16648453449142,3.1019260259656,0.06455850852582001,-0.06650041587802857,0.1956174329296686,0.3201937923555826,0.5603391366222695
gse9844,PIK3CD,26,12,5.148240466483707,5.063693853203085,0.0845466132806223,-0.270971268136359,0.4400644946976036,0.6178688558398401,0.8276579318644721
gse9844,PIK3CB,26,12,5.02642072525572,5.066492798362455,-0.04007207310673433,-0.234345248251126,0.15420110203765733,0.6781922384515094,0.8276579318644721
gse9844,MDM2,26,12,3.5729139442403355,3.5499511004246656,0.02296284381566993,-0.10655853509408028,0.15248422272542014,0.72113251551257,0.8276579318644721
gse9844,VDR,26,12,5.746099063578029,5.492304150219481,0.253794913358548,-0.02688226560163992,0.5344720923187358,0.07450717990923622,0.17385008645488453
gse9844,MMP2,26,12,3.591484260886808,3.530456978397511,0.06102728248929701,-0.03732619186367596,0.15938075684227,0.2163242723162238,0.4326485446324476
gse9844,MMP7,26,12,5.0201728467368945,3.9056902106223474,1.114482636114547,0.3954938776123553,1.8334713946167387,0.003629225295970461,0.02540457707179323
gse9844,BRAF,26,12,4.0647875991651885,4.145213500435893,-0.08042590127070426,-0.4374503944354719,0.2765985918940634,0.647159100389542,0.8276579318644721
gse9844,EDNRB,26,12,3.721013971138166,4.290799984003579,-0.5697860128654129,-1.1318651890309166,-0.007706836699909014,0.047383349050763704,0.13267337734213835
