geo_accession,title,source_name_ch1,status,age,sex,group
GSM764749,SAMPLE 1,oral tissue,cancer,40-49,F,Tumour
GSM764750,SAMPLE 2,oral tissue,cancer,40-49,M,Tumour
GSM764751,SAMPLE 3,oral tissue,cancer,50-59,M,Tumour
GSM764752,SAMPLE 4,oral tissue,cancer,60-88,M,Tumour
GSM764753,SAMPLE 5,oral tissue,cancer,50-59,M,Tumour
GSM764754,SAMPLE 6,oral tissue,cancer,60-88,M,Tumour
GSM764755,SAMPLE 7,oral tissue,cancer,60-88,M,Tumour
GSM764756,SAMPLE 8,oral tissue,cancer,40-49,M,Tumour
GSM764757,SAMPLE 9,oral tissue,cancer,50-59,M,Tumour
GSM764758,SAMPLE 10,oral tissue,cancer,50-59,M,Tumour
GSM764759,SAMPLE 11,oral tissue,cancer,40-49,F,Tumour
GSM764760,SAMPLE 12,oral tissue,cancer,60-88,F,Tumour
GSM764761,SAMPLE 13,oral tissue,cancer,60-88,F,Tumour
GSM764762,SAMPLE 14,oral tissue,cancer,50-59,M,Tumour
GSM764763,SAMPLE 15,oral tissue,cancer,60-88,F,Tumour
GSM764764,SAMPLE 16,oral tissue,cancer,50-59,M,Tumour
GSM764765,SAMPLE 17,oral tissue,cancer,60-88,M,Tumour
GSM764766,SAMPLE 18,oral tissue,cancer,50-59,M,Tumour
GSM764767,SAMPLE 19,oral tissue,cancer,50-59,M,Tumour
GSM764768,SAMPLE 20,oral tissue,cancer,50-59,M,Tumour
GSM764769,SAMPLE 21,oral tissue,cancer,40-49,M,Tumour
GSM764770,SAMPLE 22,oral tissue,cancer,50-59,M,Tumour
GSM764771,SAMPLE 23,oral tissue,cancer,60-88,M,Tumour
GSM764772,SAMPLE 24,oral tissue,cancer,50-59,M,Tumour
GSM764773,SAMPLE 25,oral tissue,cancer,60-88,M,Tumour
GSM764774,SAMPLE 26,oral tissue,cancer,50-59,M,Tumour
GSM764775,SAMPLE 27,oral tissue,cancer,40-49,M,Tumour
GSM764776,SAMPLE 28,oral tissue,cancer,50-59,M,Tumour
GSM764777,SAMPLE 29,oral tissue,cancer,40-49,F,Tumour
GSM764778,SAMPLE 30,oral tissue,cancer,50-59,M,Tumour
GSM764779,SAMPLE 31,oral tissue,cancer,60-88,M,Tumour
GSM764780,SAMPLE 32,oral tissue,cancer,50-59,M,Tumour
GSM764781,SAMPLE 33,oral tissue,cancer,40-49,M,Tumour
GSM764782,SAMPLE 34,oral tissue,cancer,40-49,F,Tumour
GSM764783,SAMPLE 35,oral tissue,cancer,50-59,F,Tumour
GSM764784,SAMPLE 36,oral tissue,cancer,60-88,M,Tumour
GSM764785,SAMPLE 37,oral tissue,cancer,50-59,M,Tumour
GSM764786,SAMPLE 38,oral tissue,cancer,40-49,M,Tumour
GSM764787,SAMPLE 39,oral tissue,cancer,60-88,F,Tumour
GSM764788,SAMPLE 40,oral tissue,cancer,19-39,F,Tumour
GSM764789,SAMPLE 41,oral tissue,cancer,60-88,F,Tumour
GSM764790,SAMPLE 42,oral tissue,cancer,50-59,F,Tumour
GSM764791,SAMPLE 43,oral tissue,cancer,60-88,M,Tumour
GSM764792,SAMPLE 44,oral tissue,cancer,50-59,F,Tumour
GSM764793,SAMPLE 45,oral tissue,cancer,60-88,F,Tumour
GSM764794,SAMPLE 46,oral tissue,cancer,60-88,M,Tumour
GSM764795,SAMPLE 47,oral tissue,cancer,60-88,F,Tumour
GSM764796,SAMPLE 48,oral tissue,cancer,60-88,M,Tumour
GSM764797,SAMPLE 49,oral tissue,cancer,50-59,M,Tumour
GSM764798,SAMPLE 50,oral tissue,cancer,60-88,M,Tumour
GSM764799,SAMPLE 51,oral tissue,cancer,60-88,M,Tumour
GSM764800,SAMPLE 52,oral tissue,cancer,60-88,M,Tumour
GSM764801,SAMPLE 53,oral tissue,cancer,40-49,M,Tumour
GSM764802,SAMPLE 54,oral tissue,cancer,60-88,M,Tumour
GSM764803,SAMPLE 55,oral tissue,cancer,50-59,F,Tumour
GSM764804,SAMPLE 56,oral tissue,cancer,40-49,M,Tumour
GSM764805,SAMPLE 57,oral tissue,cancer,60-88,M,Tumour
GSM764806,SAMPLE 58,oral tissue,cancer,60-88,M,Tumour
GSM764807,SAMPLE 59,oral tissue,cancer,60-88,M,Tumour
GSM764808,SAMPLE 60,oral tissue,cancer,50-59,F,Tumour
GSM764809,SAMPLE 61,oral tissue,cancer,60-88,F,Tumour
GSM764810,SAMPLE 62,oral tissue,cancer,60-88,F,Tumour
GSM764811,SAMPLE 63,oral tissue,cancer,60-88,M,Tumour
GSM764812,SAMPLE 64,oral tissue,cancer,50-59,M,Tumour
GSM764813,SAMPLE 65,oral tissue,cancer,40-49,M,Tumour
GSM764814,SAMPLE 66,oral tissue,cancer,50-59,M,Tumour
GSM764815,SAMPLE 67,oral tissue,cancer,19-39,M,Tumour
GSM764816,SAMPLE 68,oral tissue,cancer,60-88,M,Tumour
GSM764817,SAMPLE 69,oral tissue,cancer,60-88,M,Tumour
GSM764818,SAMPLE 70,oral tissue,cancer,50-59,M,Tumour
GSM764819,SAMPLE 71,oral tissue,cancer,50-59,M,Tumour
GSM764820,SAMPLE 72,oral tissue,cancer,60-88,F,Tumour
GSM764821,SAMPLE 73,oral tissue,cancer,60-88,M,Tumour
GSM764822,SAMPLE 74,oral tissue,cancer,60-88,F,Tumour
GSM764823,SAMPLE 75,oral tissue,cancer,60-88,F,Tumour
GSM764824,SAMPLE 76,oral tissue,cancer,50-59,M,Tumour
GSM764825,SAMPLE 77,oral tissue,cancer,50-59,F,Tumour
GSM764826,SAMPLE 78,oral tissue,cancer,60-88,M,Tumour
GSM764827,SAMPLE 79,oral tissue,cancer,19-39,F,Tumour
GSM764828,SAMPLE 80,oral tissue,cancer,50-59,F,Tumour
GSM764829,SAMPLE 81,oral tissue,cancer,60-88,M,Tumour
GSM764830,SAMPLE 82,oral tissue,cancer,60-88,F,Tumour
GSM764831,SAMPLE 83,oral tissue,cancer,50-59,M,Tumour
GSM764832,SAMPLE 84,oral tissue,cancer,19-39,M,Tumour
GSM764833,SAMPLE 85,oral tissue,cancer,50-59,M,Tumour
GSM764834,SAMPLE 86,oral tissue,cancer,19-39,M,Tumour
GSM764835,SAMPLE 87,oral tissue,cancer,60-88,M,Tumour
GSM764836,SAMPLE 88,oral tissue,cancer,60-88,M,Tumour
GSM764837,SAMPLE 89,oral tissue,cancer,50-59,F,Tumour
GSM764838,SAMPLE 90,oral tissue,cancer,50-59,M,Tumour
GSM764839,SAMPLE 91,oral tissue,cancer,60-88,M,Tumour
GSM764840,SAMPLE 92,oral tissue,cancer,40-49,F,Tumour
GSM764841,SAMPLE 93,oral tissue,cancer,50-59,M,Tumour
GSM764842,SAMPLE 94,oral tissue,cancer,60-88,M,Tumour
GSM764843,SAMPLE 95,oral tissue,cancer,60-88,F,Tumour
GSM764844,SAMPLE 96,oral tissue,cancer,50-59,M,Tumour
GSM764845,SAMPLE 97,oral tissue,cancer,40-49,M,Tumour
GSM764846,SAMPLE 98,oral tissue,cancer,60-88,F,Tumour
GSM764847,SAMPLE 99,oral tissue,cancer,60-88,F,Tumour
GSM764848,SAMPLE 100,oral tissue,cancer,60-88,M,Tumour
GSM764849,SAMPLE 101,oral tissue,cancer,60-88,M,Tumour
GSM764850,SAMPLE 102,oral tissue,cancer,60-88,M,Tumour
GSM764851,SAMPLE 103,oral tissue,cancer,60-88,M,Tumour
GSM764852,SAMPLE 104,oral tissue,cancer,50-59,F,Tumour
GSM764853,SAMPLE 105,oral tissue,cancer,50-59,M,Tumour
GSM764854,SAMPLE 106,oral tissue,cancer,40-49,M,Tumour
GSM764855,SAMPLE 107,oral tissue,cancer,50-59,M,Tumour
GSM764856,SAMPLE 108,oral tissue,cancer,60-88,M,Tumour
GSM764857,SAMPLE 109,oral tissue,cancer,40-49,M,Tumour
GSM764858,SAMPLE 110,oral tissue,cancer,60-88,M,Tumour
GSM764859,SAMPLE 111,oral tissue,cancer,50-59,M,Tumour
GSM764860,SAMPLE 112,oral tissue,cancer,60-88,M,Tumour
GSM764861,SAMPLE 113,oral tissue,cancer,60-88,F,Tumour
GSM764862,SAMPLE 114,oral tissue,cancer,60-88,M,Tumour
GSM764863,SAMPLE 115,oral tissue,cancer,40-49,M,Tumour
GSM764864,SAMPLE 116,oral tissue,cancer,50-59,M,Tumour
GSM764865,SAMPLE 117,oral tissue,cancer,60-88,M,Tumour
GSM764866,SAMPLE 118,oral tissue,cancer,60-88,F,Tumour
GSM764867,SAMPLE 119,oral tissue,cancer,60-88,F,Tumour
GSM764868,SAMPLE 120,oral tissue,cancer,60-88,M,Tumour
GSM764869,SAMPLE 121,oral tissue,cancer,60-88,M,Tumour
GSM764870,SAMPLE 122,oral tissue,cancer,50-59,M,Tumour
GSM764871,SAMPLE 123,oral tissue,cancer,40-49,M,Tumour
GSM764872,SAMPLE 124,oral tissue,cancer,50-59,M,Tumour
GSM764873,SAMPLE 125,oral tissue,cancer,60-88,M,Tumour
GSM764874,SAMPLE 126,oral tissue,cancer,50-59,M,Tumour
GSM764875,SAMPLE 127,oral tissue,cancer,60-88,M,Tumour
GSM764876,SAMPLE 128,oral tissue,cancer,50-59,M,Tumour
GSM764877,SAMPLE 129,oral tissue,cancer,60-88,M,Tumour
GSM764878,SAMPLE 130,oral tissue,cancer,50-59,M,Tumour
GSM764879,SAMPLE 131,oral tissue,cancer,40-49,M,Tumour
GSM764880,SAMPLE 132,oral tissue,cancer,40-49,M,Tumour
GSM764881,SAMPLE 133,oral tissue,cancer,60-88,M,Tumour
GSM764882,SAMPLE 134,oral tissue,cancer,60-88,M,Tumour
GSM764883,SAMPLE 135,oral tissue,cancer,50-59,F,Tumour
GSM764884,SAMPLE 136,oral tissue,cancer,60-88,M,Tumour
GSM764885,SAMPLE 137,oral tissue,cancer,60-88,M,Tumour
GSM764886,SAMPLE 138,oral tissue,cancer,50-59,M,Tumour
GSM764887,SAMPLE 139,oral tissue,cancer,60-88,M,Tumour
GSM764888,SAMPLE 140,oral tissue,cancer,50-59,M,Tumour
GSM764889,SAMPLE 141,oral tissue,cancer,19-39,F,Tumour
GSM764890,SAMPLE 142,oral tissue,cancer,50-59,M,Tumour
GSM764891,SAMPLE 143,oral tissue,cancer,40-49,M,Tumour
GSM764892,SAMPLE 144,oral tissue,cancer,60-88,F,Tumour
GSM764893,SAMPLE 145,oral tissue,cancer,50-59,F,Tumour
GSM764894,SAMPLE 146,oral tissue,cancer,40-49,F,Tumour
GSM764895,SAMPLE 147,oral tissue,cancer,60-88,F,Tumour
GSM764896,SAMPLE 148,oral tissue,cancer,60-88,M,Tumour
GSM764897,SAMPLE 149,oral tissue,cancer,50-59,M,Tumour
GSM764898,SAMPLE 150,oral tissue,cancer,50-59,M,Tumour
GSM764899,SAMPLE 151,oral tissue,cancer,60-88,M,Tumour
GSM764900,SAMPLE 152,oral tissue,cancer,60-88,M,Tumour
GSM764901,SAMPLE 153,oral tissue,cancer,60-88,M,Tumour
GSM764902,SAMPLE 154,oral tissue,cancer,60-88,F,Tumour
GSM764903,SAMPLE 155,oral tissue,cancer,50-59,M,Tumour
GSM764904,SAMPLE 156,oral tissue,cancer,60-88,M,Tumour
GSM764905,SAMPLE 157,oral tissue,cancer,40-49,F,Tumour
GSM764906,SAMPLE 158,oral tissue,cancer,60-88,M,Tumour
GSM764907,SAMPLE 159,oral tissue,cancer,50-59,F,Tumour
GSM764908,SAMPLE 160,oral tissue,cancer,60-88,F,Tumour
GSM764909,SAMPLE 161,oral tissue,cancer,50-59,F,Tumour
GSM764910,SAMPLE 162,oral tissue,cancer,50-59,M,Tumour
GSM764911,SAMPLE 163,oral tissue,cancer,40-49,M,Tumour
GSM764912,SAMPLE 164,oral tissue,cancer,19-39,M,Tumour
GSM764913,SAMPLE 165,oral tissue,cancer,40-49,F,Tumour
GSM764914,SAMPLE 166,oral tissue,cancer,60-88,M,Tumour
GSM764915,SAMPLE 167,oral tissue,cancer,50-59,M,Tumour
GSM764916,SAMPLE 168,oral tissue,control,50-59,M,Normal
GSM764917,SAMPLE 169,oral tissue,control,50-59,M,Normal
GSM764918,SAMPLE 170,oral tissue,control,40-49,M,Normal
GSM764919,SAMPLE 171,oral tissue,control,40-49,M,Normal
GSM764920,SAMPLE 172,oral tissue,control,40-49,M,Normal
GSM764921,SAMPLE 173,oral tissue,control,40-49,M,Normal
GSM764922,SAMPLE 174,oral tissue,control,19-39,M,Normal
GSM764923,SAMPLE 175,oral tissue,control,19-39,M,Normal
GSM764924,SAMPLE 176,oral tissue,control,60-88,M,Normal
GSM764925,SAMPLE 177,oral tissue,control,40-49,M,Normal
GSM764926,SAMPLE 178,oral tissue,control,19-39,F,Normal
GSM764927,SAMPLE 179,oral tissue,control,19-39,M,Normal
GSM764928,SAMPLE 180,oral tissue,control,19-39,M,Normal
GSM764929,SAMPLE 181,oral tissue,control,19-39,F,Normal
GSM764930,SAMPLE 182,oral tissue,control,60-88,M,Normal
GSM764931,SAMPLE 183,oral tissue,control,19-39,F,Normal
GSM764932,SAMPLE 184,oral tissue,control,19-39,F,Normal
GSM764933,SAMPLE 185,oral tissue,control,19-39,F,Normal
GSM764934,SAMPLE 186,oral tissue,control,60-88,M,Normal
GSM764935,SAMPLE 187,oral tissue,control,50-59,M,Normal
GSM764936,SAMPLE 188,oral tissue,control,60-88,M,Normal
GSM764937,SAMPLE 189,oral tissue,control,19-39,F,Normal
GSM764938,SAMPLE 190,oral tissue,control,60-88,M,Normal
GSM764939,SAMPLE 191,oral tissue,control,40-49,M,Normal
GSM764940,SAMPLE 192,oral tissue,control,60-88,M,Normal
GSM764941,SAMPLE 193,oral tissue,control,40-49,M,Normal
GSM764942,SAMPLE 194,oral tissue,control,60-88,M,Normal
GSM764943,SAMPLE 195,oral tissue,control,50-59,M,Normal
GSM764944,SAMPLE 196,oral tissue,control,60-88,M,Normal
GSM764945,SAMPLE 197,oral tissue,control,19-39,F,Normal
GSM764946,SAMPLE 198,oral tissue,control,19-39,F,Normal
GSM764947,SAMPLE 199,oral tissue,control,19-39,M,Normal
GSM764948,SAMPLE 200,oral tissue,control,40-49,F,Normal
GSM764949,SAMPLE 201,oral tissue,control,60-88,M,Normal
GSM764950,SAMPLE 202,oral tissue,control,19-39,F,Normal
GSM764951,SAMPLE 203,oral tissue,control,40-49,M,Normal
GSM764952,SAMPLE 204,oral tissue,control,19-39,M,Normal
GSM764953,SAMPLE 205,oral tissue,control,19-39,F,Normal
GSM764954,SAMPLE 206,oral tissue,control,19-39,F,Normal
GSM764955,SAMPLE 207,oral tissue,control,40-49,M,Normal
GSM764956,SAMPLE 208,oral tissue,control,50-59,M,Normal
GSM764957,SAMPLE 209,oral tissue,control,40-49,M,Normal
GSM764958,SAMPLE 210,oral tissue,control,40-49,M,Normal
GSM764959,SAMPLE 211,oral tissue,control,40-49,F,Normal
GSM764960,SAMPLE 212,oral tissue,control,40-49,M,Normal
GSM764961,SAMPLE 213,oral tissue,dysplasia,50-59,M,Dysplasia
GSM764962,SAMPLE 214,oral tissue,dysplasia,60-88,F,Dysplasia
GSM764963,SAMPLE 215,oral tissue,dysplasia,60-88,F,Dysplasia
GSM764964,SAMPLE 216,oral tissue,dysplasia,50-59,M,Dysplasia
GSM764965,SAMPLE 217,oral tissue,dysplasia,60-88,M,Dysplasia
GSM764966,SAMPLE 218,oral tissue,dysplasia,60-88,F,Dysplasia
GSM764967,SAMPLE 219,oral tissue,dysplasia,50-59,M,Dysplasia
GSM764968,SAMPLE 220,oral tissue,dysplasia,60-88,M,Dysplasia
GSM764969,SAMPLE 221,oral tissue,dysplasia,40-49,F,Dysplasia
GSM764970,SAMPLE 222,oral tissue,dysplasia,60-88,F,Dysplasia
GSM764971,SAMPLE 223,oral tissue,dysplasia,60-88,F,Dysplasia
GSM764972,SAMPLE 224,oral tissue,dysplasia,60-88,M,Dysplasia
GSM764973,SAMPLE 225,oral tissue,dysplasia,60-88,M,Dysplasia
GSM764974,SAMPLE 226,oral tissue,dysplasia,40-49,M,Dysplasia
GSM764975,SAMPLE 227,oral tissue,dysplasia,60-88,F,Dysplasia
GSM764976,SAMPLE 228,oral tissue,dysplasia,50-59,M,Dysplasia
GSM764977,SAMPLE 229,oral tissue,dysplasia,50-59,M,Dysplasia
