Gene symbol,GSM764749,GSM764750,GSM764751,GSM764752,GSM764753,GSM764754,GSM764755,GSM764756,GSM764757,GSM764758,GSM764759,GSM764760,GSM764761,GSM764762,GSM764763,GSM764764,GSM764765,GSM764766,GSM764767,GSM764768,GSM764769,GSM764770,GSM764771,GSM764772,GSM764773,GSM764774,GSM764775,GSM764776,GSM764777,GSM764778,GSM764779,GSM764780,GSM764781,GSM764782,GSM764783,GSM764784,GSM764785,GSM764786,GSM764787,GSM764788,GSM764789,GSM764790,GSM764791,GSM764792,GSM764793,GSM764794,GSM764795,GSM764796,GSM764797,GSM764798,GSM764799,GSM764800,GSM764801,GSM764802,GSM764803,GSM764804,GSM764805,GSM764806,GSM764807,GSM764808,GSM764809,GSM764810,GSM764811,GSM764812,GSM764813,GSM764814,GSM764815,GSM764816,GSM764817,GSM764818,GSM764819,GSM764820,GSM764821,GSM764822,GSM764823,GSM764824,GSM764825,GSM764826,GSM764827,GSM764828,GSM764829,GSM764830,GSM764831,GSM764832,GSM764833,GSM764834,GSM764835,GSM764836,GSM764837,GSM764838,GSM764839,GSM764840,GSM764841,GSM764842,GSM764843,GSM764844,GSM764845,GSM764846,GSM764847,GSM764848,GSM764849,GSM764850,GSM764851,GSM764852,GSM764853,GSM764854,GSM764855,GSM764856,GSM764857,GSM764858,GSM764859,GSM764860,GSM764861,GSM764862,GSM764863,GSM764864,GSM764865,GSM764866,GSM764867,GSM764868,GSM764869,GSM764870,GSM764871,GSM764872,GSM764873,GSM764874,GSM764875,GSM764876,GSM764877,GSM764878,GSM764879,GSM764880,GSM764881,GSM764882,GSM764883,GSM764884,GSM764885,GSM764886,GSM764887,GSM764888,GSM764889,GSM764890,GSM764891,GSM764892,GSM764893,GSM764894,GSM764895,GSM764896,GSM764897,GSM764898,GSM764899,GSM764900,GSM764901,GSM764902,GSM764903,GSM764904,GSM764905,GSM764906,GSM764907,GSM764908,GSM764909,GSM764910,GSM764911,GSM764912,GSM764913,GSM764914,GSM764915,GSM764916,GSM764917,GSM764918,GSM764919,GSM764920,GSM764921,GSM764922,GSM764923,GSM764924,GSM764925,GSM764926,GSM764927,GSM764928,GSM764929,GSM764930,GSM764931,GSM764932,GSM764933,GSM764934,GSM764935,GSM764936,GSM764937,GSM764938,GSM764939,GSM764940,GSM764941,GSM764942,GSM764943,GSM764944,GSM764945,GSM764946,GSM764947,GSM764948,GSM764949,GSM764950,GSM764951,GSM764952,GSM764953,GSM764954,GSM764955,GSM764956,GSM764957,GSM764958,GSM764959,GSM764960,GSM764961,GSM764962,GSM764963,GSM764964,GSM764965,GSM764966,GSM764967,GSM764968,GSM764969,GSM764970,GSM764971,GSM764972,GSM764973,GSM764974,GSM764975,GSM764976,GSM764977
EGFR,11.86,5.4233,5.2683,6.727,5.913,6.5453,6.3079,8.102,4.9835,7.2194,5.4876,6.0786,5.4688,6.4127,4.6088,4.9738,6.8026,4.9787,6.5014,6.3125,9.2861,5.9212,5.8633,7.0715,9.0312,4.9083,10.181,6.9589,6.4968,8.1819,7.5873,5.8068,6.3656,5.9015,6.9501,4.5852,4.74,7.214,8.0916,8.959,5.5233,4.985,7.1844,6.953,7.2532,6.8201,7.8694,7.5713,7.1829,6.1207,6.6498,4.983,4.3373,5.6154,4.8088,11.686,4.5671,6.876,7.9591,11.747,7.2622,5.2107,4.9822,5.33,6.6873,6.9177,5.2606,4.8484,3.7659,9.1875,5.6203,4.7145,4.7298,5.3328,6.0712,4.9839,3.9418,7.8633,4.9617,7.7934,6.9285,7.435,5.836,5.5546,7.7059,3.9173,4.9329,6.5797,4.9681,8.0034,4.9944,4.9791,4.9849,5.3696,8.2531,4.7198,4.7103,3.8521,7.3093,4.9626,10.565,6.0577,7.6278,6.2849,5.3459,6.1107,6.825,4.261,4.9716,5.9357,5.2059,5.677,5.0328,5.137,4.9789,7.0513,4.5935,5.2104,4.3863,3.560921652,7.392199167,5.473535357,5.297332548,5.470275561,4.359366885,4.362432698,4.289349896,4.193402929,4.360217704,3.662032711,4.824180705,4.35797796,3.667782049,9.642113034,3.574655185,5.782312113,4.263278952,4.048296994,4.44320932,4.196053148,6.341001225,3.799407643,3.876694544,4.24657844,4.079905273,3.532059227,4.960561284,4.336380241,4.207048338,4.331978374,4.250858311,4.243696433,4.440476383,4.265898417,4.53029262,3.193088672,5.364386386,3.650912751,4.354654918,4.55280153,2.732020266,4.822509761,4.35910697,4.90310427,4.234920187,4.519133785,2.385426567,5.3314,4.9775,5.829,4.9869,4.9969,5.1351,4.3446,5.7717,5.3596,5.2716,4.6015,4.0673,4.7727,4.7855,4.4164,4.9884,4.3203,4.3326,4.9894,4.9762,4.9654,4.9554,4.9683,5.206,4.9779,4.7184,4.7106,5.3417,4.956,3.8007,4.7204,4.5295,4.9752,4.9777,4.0229,4.358132245,2.9040849,4.355809703,3.160422731,4.160162694,4.189633813,3.514123265,3.651817037,4.239337754,3.674478405,4.7691,5.9084,4.5879,4.721,4.5167,4.602036107,4.7655,4.9529,8.995,4.9777,4.7193,3.8761,4.371241832,4.452469203,3.825567741,4.368884427,5.353795797
CASP3,8.3152,8.8064,8.0569,8.6084,8.6107,8.6564,8.3355,8.5522,9.4775,8.2754,9.2107,8.9036,9.161,8.2691,8.5273,8.9628,8.9762,9.4572,8.238,8.9248,8.473,8.5361,8.3899,8.5446,8.4768,8.4118,8.852,8.7649,8.7273,8.1564,8.7189,8.4178,8.7409,8.5019,9.0022,8.8485,8.4008,8.7979,8.4203,8.2964,8.7236,8.5367,7.9265,6.9848,8.3025,8.7408,8.5506,8.7105,7.9533,8.2905,8.6518,8.3989,8.5211,9.1814,8.5204,8.4481,8.4865,7.9893,8.0605,8.6186,8.7612,8.5581,8.9985,9.6049,8.2848,9.1564,8.7534,8.7655,8.8036,8.7062,8.8307,8.6827,8.5625,8.4523,8.7117,9.4803,9.1969,8.3822,8.5147,8.4316,8.8972,8.3316,8.5251,8.5652,8.5724,8.8987,8.6467,8.3199,8.1,9.3738,7.9409,8.2607,8.765,8.5252,8.8273,8.6151,8.5415,8.9125,7.5209,8.3557,8.5191,8.3837,8.847,8.3863,10.32,8.0141,8.3153,7.9081,8.301,9.6226,8.8837,9.2562,8.802,8.0813,8.4836,8.2777,8.7921,8.5845,9.1554,8.615459094,8.497199084,8.990023387,7.912156544,9.163158862,8.859631235,8.572686871,8.84165707,9.432038116,8.758251976,9.176432972,8.345792203,9.319408831,8.570728798,8.579571492,8.926112859,9.008939093,8.971069873,7.821594499,8.135888063,8.174296017,8.762994584,8.726889872,7.433952576,8.399320953,8.886447193,8.512881327,8.927944259,8.430179532,8.70983872,8.257012797,9.104100341,8.567978536,8.56832802,8.382278546,8.200395139,7.490256248,8.693800666,8.51139349,8.082168635,7.945352166,8.44385905,8.904545596,8.986142158,8.177905002,9.179424038,8.269349005,8.557892299,8.5475,8.4015,8.3983,9.0911,9.0087,8.1856,8.1597,8.5914,9.3611,9.0514,8.2008,8.4727,9.0032,8.7268,8.9919,9.0931,8.073,8.9844,9.2672,9.0911,8.8811,8.7401,8.756,8.3556,8.607,9.0003,8.3548,8.9313,8.8735,8.5394,8.9685,8.6117,8.6538,9.2075,8.7621,8.834194946,8.576377447,8.762788078,8.994152832,6.9367816,8.757173147,8.628400767,8.566582546,8.936009095,8.694217532,8.1206,8.093,8.5541,7.6264,8.5419,7.340635103,7.9133,8.0168,7.9634,8.2799,7.6144,8.2585,8.370450596,7.640128191,8.340257865,8.028854144,7.941925007
ERBB2,2.2864,2.3752,2.2897,2.4432,2.3407,2.3483,2.5574,2.3606,2.7536,2.3426,2.3059,2.345,2.4585,2.3278,2.3131,2.2979,2.3427,2.3352,2.349,2.3606,2.3721,2.3462,2.3607,2.3719,2.4607,2.3617,3.7113,2.3527,2.916,2.3437,2.3512,2.4555,2.3329,2.356,2.3605,2.3565,2.4115,2.3601,2.3654,2.3617,2.3514,2.3244,2.8681,2.4765,2.3478,3.2079,2.3975,2.5597,2.3645,2.8635,2.3566,2.3433,2.3526,2.3352,2.295,2.3467,2.3422,2.4536,2.3683,2.4346,2.3582,2.3575,2.4437,2.4755,5.3673,3.2607,2.3891,2.6495,2.2923,2.3555,2.3255,2.6643,2.3194,2.3719,2.3471,2.3718,2.3634,2.3489,2.3572,2.3122,2.3086,2.3854,2.3593,2.3112,2.3107,2.3208,2.319,2.3468,2.294,2.6265,2.3806,2.3084,2.3385,2.3249,2.4033,2.3483,2.3312,2.3377,2.3321,2.3236,2.3392,2.3075,2.3361,2.2934,2.3575,2.3669,2.2976,2.3296,2.5716,2.3168,2.3091,3.7279,2.3,2.3075,2.3031,2.3521,2.2836,2.4052,2.2747,2.668956323,2.715964124,3.320716568,2.776078793,2.788166031,2.803760626,2.777231622,3.705486034,2.775865672,2.780216655,2.800046006,2.783676598,3.979928168,2.784923422,2.80133363,2.70712658,2.805673917,2.749428634,2.767479808,2.795434383,2.785104984,2.827256644,3.773848501,2.774965723,2.74563962,2.815011174,2.771423258,2.753273078,3.503682763,2.756649545,3.121739089,4.421659824,2.773577871,2.752004528,2.614998797,2.694575124,2.729090322,3.06039654,2.660684204,2.779947947,2.761506196,2.706486849,2.76754878,2.790021674,2.753746714,2.756447411,2.763572208,2.744096667,2.3664,2.7663,2.787,2.3583,3.3374,2.5487,2.3671,3.4165,5.0446,2.6487,2.5438,2.3215,2.3405,2.4288,2.3464,2.5996,2.3431,2.3439,2.3601,2.3258,4.6301,2.3867,2.8874,2.4133,2.3138,2.3818,2.3392,4.2102,2.3503,2.3491,2.3933,2.324,3.3267,2.3463,2.3437,4.23807295,2.774678355,2.861064563,2.761196888,2.77563468,2.769945511,2.7291707,2.778083401,2.795741504,2.702476231,2.3541,2.3522,2.3058,2.3739,2.3435,3.027838312,2.335,2.9107,2.2983,2.5584,2.4637,2.3197,3.291962969,2.776324437,2.772016816,3.897980905,2.950558144
MMP9,10.088,9.2619,8.7302,8.4494,10.057,7.6215,6.9663,7.5304,8.4724,11.767,10.141,9.3002,9.9367,10.974,11.481,10.684,11.776,10.391,9.7347,8.6703,8.9267,9.5767,8.7604,11.046,10.658,2.867,7.5053,10.405,8.6026,8.5358,9.7426,9.6656,9.0942,9.5777,6.7895,10.415,9.9584,11.214,10.665,9.4022,9.9758,9.6869,8.0572,8.1359,10.481,11.738,7.4287,8.8908,9.3183,4.2166,9.87,10.531,9.5083,8.5266,8.341,9.0372,8.4405,9.8767,11.347,10.353,8.6828,8.7452,10.124,10.023,7.3809,11.114,10.215,12.652,10.9,8.892,8.6718,10.463,9.9988,9.1161,9.8139,8.3092,9.7298,10.034,8.9641,11.034,10.674,8.427,8.1866,11.223,9.8862,11.347,8.4686,10.29,8.8267,10.7,13.493,9.4112,8.2497,8.3097,9.8194,9.6739,6.2794,12.819,9.0547,9.519,8.489,10.404,9.5665,11.969,8.2447,10.681,7.2197,4.1403,9.0921,7.4113,8.4914,8.404,9.7121,11.242,9.269,7.3246,10.126,8.6743,10.496,11.27639095,10.65309262,9.370278007,8.773432305,7.543368522,10.13205437,10.33047565,8.129963297,9.167467236,10.14586197,10.73961647,11.2420839,7.538956467,10.38295657,9.837737395,10.67978891,7.773285858,8.314548774,9.824402404,8.326207321,10.08327297,9.412556718,9.701578372,6.834087258,8.770000401,11.11263002,9.766729581,10.76450006,8.914692339,10.28178595,8.125837423,9.907177689,7.913534052,9.814773049,9.010143715,10.03279447,5.211670037,9.351780255,8.15590005,7.494925074,9.306597719,12.33715622,5.660515267,8.109039602,8.14640979,9.04002746,9.625161109,9.465589863,4.0176,4.3894,3.1737,10.498,3.6449,4.3532,2.1066,3.86,3.0682,4.8396,3.6604,4.5984,3.3027,6.8752,4.705,4.7348,8.244,11.051,7.3503,6.9866,3.6097,3.9192,4.5851,3.5407,2.3231,9.2899,5.0623,4.3376,3.9521,3.6146,4.6742,8.7294,3.9226,3.54,9.6144,5.532829548,4.255115361,3.557342189,9.875280816,3.56444588,3.882282004,10.05592891,9.117718745,3.639527375,9.225154135,7.879,9.3479,8.6488,5.0616,5.9529,5.752976902,7.1558,8.0081,7.3276,4.8322,3.7962,8.9182,9.132433878,8.569865163,8.396259013,5.956978885,6.314645588
PIK3CA,6.0948,6.1163,6.5345,6.1702,5.3431,5.9818,5.6426,6.1488,6.5212,6.3565,6.1849,5.7318,5.0394,5.9342,6.7529,6.5947,6.5363,6.6799,5.4619,6.2832,5.5346,5.7378,5.3786,7.087,5.7497,4.6415,6.4197,6.1097,5.4728,7.002,5.4781,6.4035,6.2944,6.2143,5.6256,5.5917,5.5298,5.4221,5.6325,5.65,5.7857,4.9855,5.7494,5.9509,6.521,5.7809,5.6309,7.0777,4.5735,5.4223,5.2318,5.7136,5.8119,7.636,6.2367,8.0507,5.0074,5.8196,5.6081,6.3377,6.7414,5.5056,5.6394,6.3813,7.5227,5.4091,5.9659,6.594,5.7145,5.4875,5.5925,5.5981,4.984,5.5172,6.1258,5.856,5.3409,6.4783,5.7205,5.9358,5.2782,6.2552,7.0149,6.2121,5.903,5.3012,5.8679,5.344,4.9876,6.1674,5.2101,5.2401,6.4773,5.3172,5.9672,5.2111,5.3108,5.2045,6.1863,5.2132,5.1376,6.4662,6.1414,6.6894,5.0159,6.0309,5.514,5.5539,5.7816,6.2258,5.5973,6.1949,6.5612,5.9193,4.8915,5.4526,5.1555,5.5163,6.4649,5.058398838,6.210727122,4.951836653,7.92614633,4.785894229,5.793886992,5.161002175,7.788996013,5.377386613,6.242530771,5.777989098,5.047102972,6.556238293,5.22064915,5.771575238,6.014698133,6.403957569,5.09812217,4.911926767,5.468291448,5.727965001,5.445052167,5.288995886,5.097908642,5.126629119,4.612518642,5.212438952,3.991399103,5.583366605,6.37655575,5.148497348,5.293758606,5.858961041,5.530670668,5.424195812,6.331610581,5.524425007,5.614181357,5.302333172,5.065573214,6.095852601,6.187307767,5.467134068,5.215109231,5.6968966,5.25894588,5.008189563,5.877208993,5.7084,5.3557,5.4735,6.3625,5.7052,5.7048,5.8107,6.5197,5.3824,5.2141,5.5948,5.409,5.2486,5.292,5.0276,5.6214,5.576,5.554,5.0135,5.4317,5.5564,5.6795,5.3329,5.3357,5.2469,6.0603,5.3149,5.3275,5.8177,5.4592,5.306,5.7201,5.5199,5.2342,5.425,4.901729259,4.836326328,4.992981138,4.844091038,6.395673611,4.979885588,5.928877093,5.140051719,4.238635672,5.822969985,5.8331,5.7173,6.4075,5.9784,5.4481,4.746643682,5.4942,5.9843,5.8885,5.1527,5.7354,5.6642,4.891658184,6.514988686,5.59556436,5.492928597,5.754050928
PIK3CG,3.5913,3.897,4.382,3.576,3.8344,3.0741,3.8222,3.7179,4.24,3.8244,5.9066,4.3923,4.0133,3.4741,4.9079,3.8115,3.6506,5.9694,3.9775,3.9002,3.841,3.6702,4.3408,3.805,2.872,3.7404,3.7667,3.8884,3.9714,3.6011,3.8197,4.5256,3.8096,3.9342,3.879,5.6689,4.3152,4.0333,3.9737,3.1184,4.1729,3.9537,3.8206,3.0691,3.9003,3.8142,3.8391,3.8371,3.9283,3.1856,3.8255,4.2516,5.1858,3.8155,3.485,4.1316,3.826,3.7582,3.0583,3.7833,3.9,3.8247,3.9172,5.4458,3.8766,4.7385,3.8414,3.8833,5.9918,3.8308,3.5754,3.8123,3.6908,4.2111,4.9369,5.9924,4.9508,3.2357,3.7955,3.2621,3.8378,3.4303,3.5661,4.2792,3.9487,4.0273,3.8367,3.4774,3.384,3.496,3.9585,3.7422,3.7621,3.6925,3.7386,3.8501,3.597,4.5339,3.2778,3.6857,3.8206,3.9229,3.0855,3.5329,3.596,4.3745,3.3188,3.372,4.7522,6.5507,3.6673,3.9228,4.4134,3.8056,4.4097,3.2468,4.7539,4.0331,6.7216,4.97324342,3.204712035,3.785442307,3.758821781,3.789129486,5.102488621,4.25427775,3.822905385,3.794292339,3.168101981,4.441358932,3.703137244,3.912139468,3.837629152,3.814692057,3.871788042,3.816995323,3.891542304,4.186419561,3.887262767,3.954742982,4.101648989,5.433781041,3.754457077,5.297479744,4.501135767,3.802418034,3.855630313,4.105026134,3.974190201,3.6118994,3.571715808,3.770277527,3.66178019,3.92758824,3.384602521,3.793335895,3.667024479,3.795052445,3.808657126,3.54380795,3.746111363,3.654744604,3.797506009,3.631544645,3.678565897,3.709989629,5.521563037,3.0638,3.5383,3.5502,6.9184,3.8362,3.9358,3.8172,3.6693,3.084,3.1322,3.2506,3.6091,3.0659,3.5769,3.3725,3.5741,3.7833,6.5349,4.526,4.1294,3.5197,3.6699,3.6717,3.0109,3.7331,4.992,3.4113,3.659,3.6974,3.0887,3.6687,5.1352,3.4774,3.2555,6.1078,3.753686605,3.67395188,3.765228919,5.542090182,3.587468228,3.699924244,4.398511526,3.884133408,3.277950778,4.905479804,3.7161,4.7236,5.5378,3.3431,4.0506,3.342195254,3.8098,3.5856,3.8073,3.6411,3.1431,4.5648,3.824969173,3.488804937,3.806828447,3.42819483,3.685522231
PIK3CD,5.4048,4.8793,5.33195,5.56975,6.378500000000001,5.72605,4.7131,5.0788,6.21545,5.1819,5.8401499999999995,5.0449,5.3601,5.65975,5.145300000000001,5.07295,5.6417,5.8964,5.4158,4.95585,6.09525,5.860049999999999,5.78275,5.973800000000001,6.4238,4.4422,3.3082000000000003,5.1269,5.4540500000000005,6.640000000000001,5.85595,5.11435,5.5897,6.33915,5.4651,6.893050000000001,6.052849999999999,7.155900000000001,5.69945,6.110849999999999,5.5127500000000005,6.2017,4.98915,5.17635,5.23465,5.31765,4.8345,4.2998,4.9608,4.2366,4.88875,4.9069,5.2529,4.17335,3.8515,5.2928500000000005,5.20055,4.60035,7.511799999999999,5.70275,6.250900000000001,5.1517,5.32445,5.4493,4.9422,5.72755,6.483750000000001,4.922000000000001,5.66455,5.02915,4.972799999999999,4.9695,5.0614,5.5633,5.4974,5.231199999999999,5.72655,5.58885,5.674799999999999,5.297499999999999,4.50085,5.52075,5.118650000000001,6.55575,5.912,5.70805,4.9291,6.95815,5.44575,5.4112,4.50425,4.79105,4.6762999999999995,4.48085,5.2419,6.1045,4.51495,5.76365,5.84875,5.3003,5.08635,5.1398,4.75925,4.76665,5.0127500000000005,5.82425,6.336600000000001,4.4402,5.65425,5.05155,4.82455,5.1822,5.81405,5.0876,5.409599999999999,4.48985,5.4521,5.1404,5.1602,6.404549524,4.634367145500001,6.21863431,5.093330249,4.8754476995,6.199528106000001,5.9476900255,5.9998787045,6.2571086035,5.497603401,6.409216554,7.4118289865,5.7121500245,6.246917099999999,6.055806496500001,6.649560779,5.2586358695,5.3704921500000005,6.145081750999999,5.2620492195,5.4643100765,6.831566027,6.894237691000001,5.514119411,5.428418005,5.9015480905,5.492420879,5.7609392055,5.671101821500001,4.8510528875,5.9116862285,4.722829122,5.6808524275,4.9888482135,5.975987247,5.1896260295,5.7221085575,5.7767202355,5.8978148605000005,5.4353111599999995,5.8663507575,6.203725930000001,4.6352435815,5.408836364,6.8624278225,5.286648374,5.7914325555,6.9957701915,3.6668000000000003,4.93355,4.2189499999999995,7.103149999999999,4.282,3.68145,3.94165,4.10575,4.21215,4.206,4.4395999999999995,4.5426,4.319599999999999,5.17765,4.23665,4.20775,5.0920000000000005,6.87975,6.26465,5.46085,4.1547,4.1013,4.0559,4.03175,4.1497,5.9998000000000005,4.43765,3.81895,3.9711499999999997,3.65875,4.470549999999999,6.385400000000001,4.10885,4.3299,6.09995,4.3435048940000005,3.944718365,5.16002843,6.5767113214999995,4.990194821999999,4.151276858,7.212612587500001,6.279890474,4.4265621715,6.6107901645,4.68285,5.31185,5.9697499999999994,5.42105,4.2084,5.183265516,4.9928,4.63525,4.9702,4.6692,4.22895,5.70855,5.900793419999999,4.9943033495,5.6765459225,5.1198672775,4.976430642
PIK3CB,6.9361,7.9612,7.50665,7.3114,6.9511,6.902050000000001,8.0064,6.3532,8.967600000000001,7.409549999999999,6.965999999999999,6.9623,7.10115,7.45595,7.37015,7.8269,6.813599999999999,8.0898,6.8793,7.09355,6.477399999999999,7.1128,7.0781,6.8651,7.2195,7.64485,7.693899999999999,7.29195,7.8171,9.2172,6.93265,6.6713000000000005,7.1190999999999995,7.0356000000000005,7.060499999999999,7.342700000000001,6.90205,6.25155,6.13525,6.7687,6.3559,6.534050000000001,7.6607,7.23515,7.13555,7.84955,8.12265,8.925550000000001,7.5031,7.1796500000000005,6.941050000000001,7.545999999999999,7.54565,7.48655,6.76915,7.1936,7.129950000000001,7.45045,7.1487,6.3632,7.4958,7.6198,8.9378,7.76525,7.4642,8.894400000000001,6.454599999999999,6.84695,6.8128,7.44825,7.3144,7.175000000000001,7.58835,6.8298,7.51895,7.842700000000001,6.87725,6.9726,6.986800000000001,6.3487,7.40915,6.4113500000000005,7.4004,7.066650000000001,7.08065,6.9908,7.135300000000001,7.3343,7.089,7.069000000000001,6.52665,7.14205,6.5793,6.7146,6.1402,7.216150000000001,7.245900000000001,7.0600000000000005,7.07995,7.04505,7.1792,7.9885,7.22855,7.327249999999999,8.02855,7.296,7.01285,7.40705,6.6335999999999995,8.2027,7.280100000000001,8.34505,7.23575,6.8325499999999995,7.2860499999999995,6.49615,6.96555,7.5859,8.256,7.014504705499999,8.185093607,7.7395423475000005,6.6451352215,6.7524240565,6.812310058,6.190777301999999,6.5005438170000005,7.078994896000001,6.0664532965,6.954537591999999,6.1114567715,7.503950551499999,7.187917761,6.495228251,8.381727413,8.8731116225,8.186336534,6.878274834,6.3564517595000005,6.771416067,5.827388197,6.689429787,6.390619933,6.498112152000001,5.864243588,6.846477332,6.2204593365,7.123209603499999,7.953682511,6.1071033135,6.630238318,6.69597717,6.2050038335,6.52035195,5.852296044,6.060775618,6.4138112105000005,6.187243533,6.3993332735,6.586473193,7.3509001795,6.7227066815,6.513465565000001,6.762103913,6.604624101000001,6.332321157999999,6.4497628385,7.9704999999999995,7.1927,7.40425,7.282649999999999,7.6994,7.59925,6.78115,7.6425,7.4116,7.4368,7.926200000000001,7.29,7.3096499999999995,7.17235,7.55255,7.088900000000001,7.18945,7.72075,7.1255500000000005,8.0432,7.385400000000001,6.9262,7.4406,8.2192,8.04465,7.8972999999999995,7.47645,7.98865,7.8481499999999995,7.53575,7.71665,7.83665,7.8950499999999995,7.83765,7.479100000000001,7.2740960415,6.9356082455,6.707742127,6.637006786000001,6.836469495499999,6.9653023605,6.8323862975,6.727351777499999,6.6089195605,6.8555897775000005,8.03455,8.3293,7.36595,7.5664,7.003500000000001,6.3770976845,7.2443,6.9590499999999995,8.53455,7.578,7.0419,6.9531,6.1143578409999995,6.999062700500001,6.204397158999999,7.460755496000001,6.3510746965
MDM2,3.31365,3.55605,6.8049,3.4905,3.2062,3.28535,3.5667999999999997,3.25375,3.70635,3.1330999999999998,3.3483,3.3179499999999997,4.1640999999999995,3.2357,3.28585,3.4074,3.1719,3.33465,3.5652,3.99165,3.293,3.32715,3.30975,3.2721,3.32435,3.3941,3.48505,3.2657499999999997,3.4797000000000002,3.56965,3.2990500000000003,3.3554000000000004,3.1513,3.2916,3.1750499999999997,3.2519,3.4986,3.28155,3.9044,3.1699,3.36665,3.21745,3.33465,3.4377,3.1692,3.2497499999999997,3.9484,4.07985,3.34205,3.3583,3.4523,3.47235,3.39485,3.3388,3.21715,3.1824,3.29735,3.2779499999999997,3.25985,4.4114,3.49825,3.3237,4.8766,3.8674999999999997,3.3093,4.06615,3.1708499999999997,3.3174,3.52575,3.2583,3.20875,4.11795,3.7674000000000003,3.3085,3.4189,3.5938,3.35235,3.2256,3.2792,3.1845499999999998,3.90515,3.71185,3.51785,3.2103,3.2555500000000004,3.3011,3.9707500000000002,3.28335,3.1346499999999997,3.3159,3.4173999999999998,3.5260499999999997,5.037850000000001,3.56055,3.49275,3.31285,3.1051,5.0873,3.359,3.2733999999999996,5.1751000000000005,3.2097499999999997,3.34165,3.20565,3.36285,3.6877,3.5748499999999996,3.22845,3.2445,3.6796,4.48365,4.6000499999999995,3.2725,3.2625,3.2554,3.3066500000000003,3.28755,3.75245,4.14185,3.1879987675,2.9328711865,3.9904344405,3.2671235315000002,3.1625414295,3.657867655,3.198359774,3.1037402245,3.1844964454999998,3.1423912300000003,4.171883141,2.984021382,3.8134863064999998,3.738996526,3.0945868365,2.9202891859999998,3.1022609130000003,3.4705384095,3.0201921545,3.0914050385,3.193590733,3.2002041685,3.1119625135,3.2059831955,3.5770279875,3.0864970874999997,3.630665057,3.298605185,3.195894226,3.586996531,2.9987952885,2.9213801249999998,3.4918255460000003,3.005012363,3.0367425765,2.9677433774999997,3.084973771,2.979628784,3.3581096015,3.0497817705,3.303324009,3.7045515604999997,3.880694889,3.75914466,2.956989843,3.3568507204999998,3.043629889,2.985877627,3.3044000000000002,3.23555,3.34395,3.38145,3.34255,3.37765,3.2935499999999998,3.2981,3.2534,3.3566,3.24995,3.2441500000000003,3.33665,3.2794,3.4217,3.4163,3.2116,3.2694,3.7704,3.3411,3.1877,3.3702,3.22065,3.1825,3.3897000000000004,3.0961499999999997,3.31165,3.4265499999999998,3.4173999999999998,3.27705,3.4421,3.28205,3.0975,3.2359999999999998,3.56285,3.1889799965,3.1589578965,3.7002015185,3.2993935065,2.8950673735,3.1549168675,3.05523888,3.0977037034999997,3.392946328,3.2162024885,3.3142,3.29985,3.21685,3.45435,3.1193,3.095884898,3.16205,3.0892,3.22465,4.13365,3.2847999999999997,3.4833,3.1970261075,3.0791806425,3.0352946645,3.094122757,2.8882272275
VDR,4.86695,4.9113999999999995,4.78575,5.6197,5.2218,5.35555,5.03405,4.8268,5.24115,4.985,4.1618,4.90875,4.9809,5.35405,5.0979,5.2291,5.0263,4.56325,5.183450000000001,5.542400000000001,5.17215,4.9620999999999995,5.5836500000000004,5.47805,4.90315,4.1393,3.8834999999999997,5.17085,5.2364,4.4534,5.0739,4.97135,6.85115,5.897,5.465199999999999,4.5769,5.0922,6.28405,5.1693999999999996,5.73985,6.65255,5.24745,5.3193,5.62845,4.7582,5.5058,4.59055,5.1905,5.3502,4.9717,5.08605,4.9594000000000005,5.5326,4.135,5.00005,5.3941,5.4891000000000005,4.8776,5.509399999999999,5.4383,5.1447,5.37265,4.8038,4.7986,4.6889,5.8207,5.57965,5.2292000000000005,4.7321,4.75155,5.31845,5.34835,5.04275,4.79255,5.10425,5.0916,5.55685,5.02225,4.90985,6.0755,4.995,6.40615,5.07825,5.0735,6.0747,5.50415,5.2626,5.562250000000001,4.68225,5.3521,5.43225,5.05075,4.7888,4.90255,5.4762,5.24915,4.3935,5.69795,5.5793,4.3294999999999995,5.2738,5.5893,5.3994,4.986800000000001,5.65885,6.0988,5.57465,4.79215,5.16555,5.3497,5.49685,5.3641000000000005,5.6589,5.21535,6.2819,5.4238,5.4331,5.77575,4.79865,4.891383788500001,4.4893725295,5.1255705915,4.4561643725,4.795387615,5.17871305,5.3503328885,4.9008623695,6.0956974944999995,4.891161567,4.578690646,4.917434105,4.196604896,4.530330456,5.389001862,4.6756386254999995,4.861510616,5.0042335730000005,5.2639742325,5.6070169,4.810177114,5.203776479,4.388941732999999,4.9256325525,4.960412904,5.0053228605,4.8448663735,5.841533742999999,4.855137333,5.0018761935,5.121601504,4.5563328315,5.086779946,4.860882757000001,5.2381187295,5.193247847,4.620994298499999,5.651827407,4.8021144525,6.6911639485,6.42868571,5.921264288,4.876615093,5.354546293,5.3607687305,5.421038854,5.5374360575,4.4401005925,4.465,4.6853,4.115,3.76145,4.86245,5.06505,4.21865,4.246700000000001,4.8845,5.4642,5.06075,4.5920000000000005,4.5721,4.5581,4.89795,4.95235,4.2714,4.31825,6.236599999999999,4.45635,4.4446,4.763999999999999,4.598,4.90005,4.8858,4.50615,5.13585,4.96985,4.899900000000001,4.90225,4.84215,4.561450000000001,4.84645,4.93715,4.713,4.879524795,4.530479372,4.682396828,4.538611223,3.7865689925,5.2132250025,4.436550833,4.631633451,4.9614185365,4.678909641,5.1966,3.9336,4.928,4.7398,4.9199,5.624098512,4.6791,4.55265,4.6065,5.1018,5.3514,5.231,6.0633435635,5.5181123245000006,4.339700204,4.1601123475,4.323980124
MMP2,2.5477,2.5603,2.5303,2.6035,2.5704,2.5581,2.5858,2.6067,2.5738,2.5784,2.6471,2.5645,2.5993,2.5692,2.5436,2.5518,2.5599,2.5697,2.5875,2.6037,2.6323,2.5741,2.6031,2.5753,2.6034,2.7671,2.5624,2.6076,2.6742,2.5402,2.5753,2.5821,2.5665,2.5788,2.5705,2.5773,2.5411,2.6162,3.3323,2.6086,2.5838,2.5563,2.6593,2.6401,2.5596,2.5379,2.6268,2.6256,2.637,2.6253,2.6082,2.5863,2.5961,2.5565,2.5345,2.6003,2.5525,2.5438,2.6532,2.5507,2.5948,2.5901,2.5845,2.6111,2.607,2.543,2.5697,2.5592,2.5525,2.597,2.5363,2.5547,2.5314,2.636,2.5639,2.5549,2.5848,2.5585,2.5185,2.5136,2.5166,2.5786,2.5728,2.5109,2.5256,2.5215,2.548,2.5859,2.5404,2.5377,2.6463,2.549,2.5558,2.5426,2.5443,2.5749,2.5114,2.538,2.5473,2.5819,2.5602,2.5251,2.5515,2.4838,2.5695,2.5963,2.537,2.5604,2.5308,2.5335,2.5005,2.5452,2.5262,2.5179,2.5427,2.5888,2.5171,2.5561,2.4878,2.560481679,2.511951753,2.584201518,2.594296518,2.580338892,2.594978181,2.598263166,2.591900163,2.577588876,2.621877146,2.582924484,2.609886193,2.610907654,2.591726916,2.60076606,2.570341527,2.604560329,2.648061278,2.669386871,2.690513235,2.671736156,2.720255865,2.594121648,2.589956606,2.635733857,2.579558975,2.567701046,2.661958717,2.528912116,2.497232629,2.525253581,2.497004806,2.545487563,2.524776546,2.504146832,2.525897787,2.837345767,2.553628037,2.541329997,2.616600703,2.568302127,2.547960197,2.561631832,2.583527793,2.542450777,2.547149958,2.573184559,2.529265272,2.6228,2.5426,2.5992,2.5947,2.7303,2.6342,2.6466,2.5849,2.5961,2.6793,2.5953,2.5447,2.5465,2.5593,2.6189,2.6075,2.5627,2.5531,2.5673,2.5331,2.5285,2.532,2.5148,2.5401,2.5782,2.5054,2.6555,2.5624,2.5917,2.6,2.5788,2.5416,2.56,2.525,2.4998,2.579549752,2.567538568,2.582875321,2.541539066,2.590166203,2.558162616,2.57442279,2.638580295,2.665836354,2.53970743,2.5495,2.6148,2.544,2.6759,2.5282,2.614139727,2.5494,2.5231,2.5193,2.5589,2.6345,2.5253,2.636418052,2.706116046,2.583469551,2.58970723,2.555245782
MMP7,3.615,6.8185,2.2632,2.3114,2.6503,2.3089,4.3471,7.2448,2.3467,8.4695,4.2674,8.4321,2.5632,8.6092,7.3269,6.0463,3.8125,4.5995,2.6067,3.3607,8.8707,11.109,2.3076,8.0363,10.863,3.6325,5.5136,8.5852,8.7431,6.5322,4.4723,9.9362,6.4151,8.2498,6.5592,4.5943,2.3002,4.4211,11.151,5.8872,6.7617,3.2016,4.3321,2.3194,8.2032,4.5725,4.5118,3.5393,4.6086,5.0938,9.3324,7.0331,5.2946,6.0838,7.7279,7.2066,5.1367,8.3707,3.0911,6.4898,4.486,1.9526,2.3085,6.367,5.8204,5.5322,7.6212,8.8133,7.3595,5.7945,7.6431,4.7916,5.3172,7.0088,7.6667,3.0784,2.3145,6.5904,8.0579,4.4157,5.6676,2.3078,7.7917,5.8495,8.1128,6.3429,2.9803,4.5821,2.2997,6.6412,8.9449,8.3347,5.5576,4.4573,11.574,1.9415,3.0118,9.0268,2.2759,2.541,4.5828,11.07,4.0032,9.4852,3.7359,4.8527,2.2691,1.9945,2.9282,10.194,5.7533,5.0703,7.2565,8.777,7.0838,5.0682,6.3364,5.5096,9.0155,4.04689294,7.286160637,2.363512405,6.504328447,2.629838845,2.765898375,8.242362213,2.412090455,2.629482194,4.635766876,2.583394255,8.464592926,3.355674419,2.455517344,7.424726839,6.830097992,2.593884027,4.085696437,2.220082145,4.087180434,4.483759132,5.1545134,4.06234365,4.070408216,2.66351088,5.089554114,7.216982148,8.534173498,5.199442528,5.239219762,6.094958818,9.950017871,3.451503634,7.121603791,9.005247998,5.601320006,4.95404418,6.452221012,3.697547416,4.058052139,4.990517811,10.68570108,4.044435762,4.067331495,9.029723562,7.971237213,5.174265659,2.334902235,2.3375,2.2745,6.0038,4.111,2.368,3.7319,4.5483,5.6665,2.9306,2.3131,4.1205,2.2689,3.7057,4.0166,3.8877,2.3119,4.4725,5.8233,2.294,2.2659,4.4437,3.8678,5.4138,3.462,4.0414,5.1923,3.6494,2.29,2.3088,2.3207,6.507,2.2846,7.1287,2.3067,5.039,2.394477673,2.62042083,2.632934857,3.400936443,5.170932108,2.369451625,3.487032617,3.589586505,2.446292504,2.63197575,4.5822,1.9797,2.2776,2.3133,2.2608,2.222461696,2.2697,2.2398,2.2513,2.3102,2.3125,9.0073,2.683821691,2.651781957,2.632451074,4.068542806,2.783466282
BRAF,5.003,5.8477,5.1532,5.823,5.6836,5.4932,6.3306,6.2525,5.6737,6.2229,6.2092,5.3147,5.5921,4.5994,5.1729,5.2181,5.8334,5.7302,5.5166,5.1399,5.1116,5.9793,5.3084,6.0752,5.9006,5.2619,6.5002,4.1801,5.3634,7.0208,5.7265,5.3448,5.8536,5.5507,5.5566,5.9743,6.2991,5.5172,4.847,6.0222,5.3181,4.5337,5.8801,5.9782,5.313,4.9786,5.6844,6.0346,4.5472,6.1028,5.6991,5.555,5.1727,6.2231,5.2641,6.449,5.5529,5.2618,5.8367,5.9409,5.6973,6.3827,6.3438,6.1356,6.3125,5.2179,6.1165,6.3087,5.5329,6.2573,4.972,6.1591,5.9502,5.3561,5.9338,5.7313,5.0398,5.1134,4.4202,4.7809,5.6609,5.7875,5.1471,5.9016,5.0765,5.4664,5.3825,5.508,5.5521,5.6412,4.8627,5.4806,6.2951,6.4676,5.9859,5.0984,5.3231,5.2891,6.0448,6.5828,5.6135,4.8005,4.8058,6.0541,4.898,5.2781,5.3883,6.1845,5.9669,5.767,5.865,6.8621,5.737,6.1489,4.8335,6.5081,5.7703,6.1126,6.5615,5.686417518,5.924115,5.218249896,5.020895389,5.685859867,6.006340589,4.907047695,5.590218631,5.1069152,5.254669339,6.037190819,5.133110436,5.903092392,5.985236191,6.059105249,5.399811662,6.064949293,5.784303643,6.419031314,4.956783361,5.472079231,5.073910336,6.068031083,5.891108017,6.02012256,5.777732663,6.027065833,5.778398137,6.051504334,5.653451307,5.244326053,5.930489162,6.163921701,6.22382824,6.015274314,5.43067272,4.290814183,5.369336492,6.021406092,5.642331121,5.097412104,6.602948622,6.275445026,6.113954058,5.769569021,6.175090268,6.125712217,6.499903742,6.9245,6.0046,6.7289,6.4952,6.2431,6.5189,5.6103,6.4288,6.715,5.373,6.7281,6.4004,6.0585,6.1249,5.9054,5.5807,5.7878,6.488,5.985,6.4769,6.05,6.0656,5.9562,5.7414,6.6149,6.4849,5.0758,6.5352,6.2032,6.1787,6.4929,6.5757,6.7186,6.0887,6.6568,6.282912585,5.495803342,6.101956996,6.04845877,5.995172937,6.39597571,6.153483701,5.679679122,6.225469642,6.809701485,6.6393,6.2892,5.6366,4.2046,5.7229,6.07484238,6.3478,6.2827,5.8495,5.4758,6.5934,5.136,6.233898239,6.216703684,5.343398898,5.942682802,7.055431002
EDNRB,6.6276,5.9228,5.3433,5.4492,6.1184,4.4442,5.5218,5.8226,2.8774,4.4664,6.1409,5.8478,4.1233,5.4685,4.9062,3.7423,3.8573,5.5138,4.8524,3.6915,5.0807,6.7363,7.505,4.2339,4.4576,5.648,5.9795,4.9655,5.6403,5.4108,5.9015,6.737,4.5285,6.6128,8.0829,5.3441,4.9677,4.8287,4.0594,3.488,6.5913,5.4194,3.147,5.636,7.2518,6.9358,5.6482,6.4239,3.9687,5.9218,3.9673,4.8837,5.5174,5.9585,7.612,4.3347,6.2415,6.1072,3.3401,6.3874,4.1511,5.4996,6.0972,5.5017,6.0917,3.643,7.5129,6.0045,5.9571,5.3433,6.9037,4.972,4.5146,4.6461,6.0027,5.3263,5.3588,5.4858,6.8523,7.2671,5.9016,5.5411,5.4116,3.8986,4.1288,6.9459,6.8449,3.508,5.4547,3.2158,3.137,6.2428,3.9793,6.4537,4.6706,5.5957,6.8779,4.9243,5.461,5.1066,4.8184,4.9779,3.2515,6.011,4.5959,5.533,4.6843,6.6518,7.3303,4.6647,5.0107,4.7907,6.4328,5.1902,6.8316,4.7135,7.0308,6.0983,4.5964,6.257086595,4.141808915,3.90938014,4.157663885,6.284746443,5.444046028,6.942388773,4.482753722,4.756443858,5.66144564,2.852433962,3.544774362,3.397157178,4.023886179,6.916105647,4.506395965,4.354824827,4.107266808,5.72514733,6.965694352,7.558979281,6.720622687,6.30445858,7.709012723,6.099348067,4.538559237,4.461441585,3.524982035,5.956751915,5.127639305,5.805697787,6.833503251,7.74414139,7.476663806,6.744805773,5.745553336,7.204014543,6.141564792,6.083370538,6.310880589,6.609971311,8.555000347,7.386551116,5.335493875,5.278641968,6.265435584,4.960799134,8.032284534,7.6638,7.4247,6.3308,4.7685,5.5917,6.743,6.7674,6.5032,6.1043,5.6773,6.3449,7.4557,5.2681,5.197,5.4752,5.5584,7.0712,5.5039,5.1389,5.2883,6.4534,5.401,6.5325,6.4542,5.9643,6.0061,6.6092,5.2531,5.5371,5.6877,5.9562,6.418,6.5677,6.0844,5.7797,6.353166957,7.019165501,8.342307148,6.066458149,7.172862979,5.286014007,6.175175392,5.992240829,6.301630077,6.171879384,7.4817,5.9908,7.4544,6.4692,7.2084,6.018512446,6.2617,7.2439,7.232,6.1384,6.205,6.9692,5.243079067,5.041550487,6.527736976,6.755382923,6.912678836
