gene,discovery_log2FC,discovery_q,replication_log2FC,replication_q,replicated_expression,adjusted_OS_HR,adjusted_OS_ci_low,adjusted_OS_ci_high,adjusted_OS_p,adjusted_OS_q,adjusted_OS_ph_p
EGFR,1.1272024613347975,2.6679161091566294e-10,0.6206674429422518,0.035182838715702686,True,1.15229940482235,0.9593074569363443,1.3841171657253666,0.12958019585258224,0.6605058101283812,0.8899398159940693
CASP3,-0.10257403571723067,0.1673391154786819,0.058544793044783994,0.8276579318644721,False,1.293954744106413,1.082460432307539,1.5467714383113822,0.004652471609095673,0.06513460252733944,0.9036284648820752
ERBB2,-0.17574469533679338,0.1083439587502328,-0.017986534761977868,0.8276579318644721,False,1.0649910552727553,0.8982409798910446,1.2626967297223006,0.4686088069450668,0.7289470330256594,0.6756363159134084
MMP9,3.957231168208118,6.84372372672966e-13,2.189040518070618,0.02540457707179323,True,0.902876547072368,0.7526885401021572,1.0830323776985926,0.2710431785170564,0.6605058101283812,0.9790468856230494
PIK3CA,0.34278225266440465,0.00010389111802026424,0.15566413244706334,0.13267337734213835,False,1.0696583617665536,0.8950944862654615,1.2782661813400746,0.45882232698987124,0.7289470330256594,0.3651420002839951
PIK3CG,0.06690049158110467,0.6899471352185694,0.06455850852582001,0.5603391366222695,False,0.9296338070794626,0.7816366997682751,1.1056530681341636,0.40952789070920537,0.7289470330256594,0.9515020017103089
PIK3CD,0.6889614871086502,0.00014999531900600931,0.0845466132806223,0.8276579318644721,False,0.8759438748414491,0.7289883756039189,1.052523877677217,0.1574727721462474,0.6605058101283812,0.09213179134265664
PIK3CB,-0.2830681605340013,0.0012043550492207857,-0.04007207310673433,0.8276579318644721,False,1.0305017662105762,0.8622028000847465,1.23165210094277,0.7412039597560633,0.9240768667313372,0.9904906842264968
MDM2,0.15625590359640773,0.0006239692233544304,0.02296284381566993,0.8276579318644721,False,1.0083636396031717,0.8408554426018073,1.2092414202940067,0.9283989013728956,0.9283989013728956,0.6094516043608718
VDR,0.4715719198351307,1.6570861268909623e-08,0.253794913358548,0.17385008645488453,False,0.951423119223702,0.8035802104609644,1.1264662071183884,0.5633224242969401,0.7886513940157162,0.05588698358294693
MMP2,0.00041049853559549376,0.9647508108400236,0.06102728248929701,0.4326485446324476,False,0.8991472332893607,0.7605750142606197,1.0629664819029698,0.21316997628098847,0.6605058101283812,0.8036160496866933
MMP7,1.9664357727705912,2.6679161091566294e-10,1.114482636114547,0.02540457707179323,True,0.9839941520717002,0.8245004700689238,1.1743407389814637,0.8580713762505274,0.9240768667313372,0.2376360197858151
BRAF,-0.53419994557352,5.894787064768587e-10,-0.08042590127070426,0.8276579318644721,False,0.9779676243128906,0.8161249588346101,1.1719046989690465,0.8092707188245096,0.9240768667313372,0.24532636209469927
EDNRB,-0.6758032979681996,2.381657039349084e-05,-0.5697860128654129,0.13267337734213835,False,0.9145804557241778,0.7769947349097263,1.076529057934771,0.28307391862644904,0.6605058101283812,0.11604469315917586
