model,gene,n,events,HR,ci_low,ci_high,p,ph_p,concordance,q
unadjusted,EGFR,307,140,1.107537585580312,0.9343908668053266,1.3127691494534142,0.23896187169844474,0.8557791695006165,0.5208995995958537,0.4779237433968895
unadjusted,CASP3,307,140,1.241297490766369,1.0573912909123897,1.4571894754810766,0.008240384657739748,0.4738117472019432,0.564495004303409,0.11536538520835647
unadjusted,ERBB2,307,140,1.0508728971776582,0.8818090939943947,1.2523502576052872,0.5792527041280433,0.9373850899363699,0.4955656176327508,0.7372307143447824
unadjusted,MMP9,307,140,0.8957533082823129,0.7551515410454767,1.0625337375169148,0.20633688044077747,0.9832672770061528,0.5135276727912286,0.4779237433968895
unadjusted,PIK3CA,307,140,1.0584323947133927,0.9046629682779166,1.2383386669526768,0.4783078215007476,0.25517924620813537,0.49470493582307373,0.7246867455160843
unadjusted,PIK3CG,307,140,0.9504394163467357,0.8147989787284557,1.1086600593869593,0.5176333896543459,0.6563175976158304,0.5280095797627512,0.7246867455160843
unadjusted,PIK3CD,307,140,0.8596505783806112,0.7235479349126483,1.021354745486678,0.08548929704055423,0.08798884495436445,0.5161097182202597,0.4713066503169008
unadjusted,PIK3CB,307,140,1.0582067610273151,0.9020930069687765,1.241337135343385,0.48723158610455564,0.6058914866107277,0.5029749653856229,0.7246867455160843
unadjusted,MDM2,307,140,1.019370089877636,0.8645765494222926,1.2018778219597483,0.8194102452451448,0.5978222326038318,0.5119559929648617,0.8194102452451448
unadjusted,VDR,307,140,0.8977909728017074,0.7617951930806879,1.0580647373012015,0.19826961779184957,0.04492611099666316,0.5107211016727163,0.4779237433968895
unadjusted,MMP2,307,140,0.8835359942575096,0.7512244321307017,1.0391513105271146,0.13465904294768594,0.9160689416441624,0.5390861804438124,0.4713066503169008
unadjusted,MMP7,307,140,1.0330029141494979,0.8755720448689964,1.218740395944247,0.7003219720056568,0.23259448810367328,0.5003929199565917,0.7541928929291689
unadjusted,BRAF,307,140,0.9581187762849362,0.8028507238248066,1.1434150362303994,0.6352999988463346,0.166426495202553,0.5223590165774801,0.7411833319873904
unadjusted,EDNRB,307,140,0.8766596013803426,0.7480184068414171,1.027423990724433,0.10398863682331298,0.14659823624179527,0.5364480035924111,0.4713066503169008
adjusted,EGFR,286,129,1.15229940482235,0.9593074569363443,1.3841171657253666,0.12958019585258224,0.8899398159940693,0.6078156488215193,0.6605058101283812
adjusted,CASP3,286,129,1.293954744106413,1.082460432307539,1.5467714383113822,0.004652471609095673,0.9036284648820752,0.629107158503461,0.06513460252733944
adjusted,ERBB2,286,129,1.0649910552727553,0.8982409798910446,1.2626967297223006,0.4686088069450668,0.6756363159134084,0.6035661088232717,0.7289470330256594
adjusted,MMP9,286,129,0.902876547072368,0.7526885401021572,1.0830323776985926,0.2710431785170564,0.9790468856230494,0.6081223166564445,0.6605058101283812
adjusted,PIK3CA,286,129,1.0696583617665536,0.8950944862654615,1.2782661813400746,0.45882232698987124,0.3651420002839951,0.6079470778936301,0.7289470330256594
adjusted,PIK3CG,286,129,0.9296338070794626,0.7816366997682751,1.1056530681341636,0.40952789070920537,0.9515020017103089,0.6062384999561903,0.7289470330256594
adjusted,PIK3CD,286,129,0.8759438748414491,0.7289883756039189,1.052523877677217,0.1574727721462474,0.09213179134265664,0.6079032682029265,0.6605058101283812
adjusted,PIK3CB,286,129,1.0305017662105762,0.8622028000847465,1.23165210094277,0.7412039597560633,0.9904906842264968,0.6057565933584509,0.9240768667313372
adjusted,MDM2,286,129,1.0083636396031717,0.8408554426018073,1.2092414202940067,0.9283989013728956,0.6094516043608718,0.6036099185139753,0.9283989013728956
adjusted,VDR,286,129,0.951423119223702,0.8035802104609644,1.1264662071183884,0.5633224242969401,0.05588698358294693,0.6029527731534216,0.7886513940157162
adjusted,MMP2,286,129,0.8991472332893607,0.7605750142606197,1.0629664819029698,0.21316997628098847,0.8036160496866933,0.6136861473757995,0.6605058101283812
adjusted,MMP7,286,129,0.9839941520717002,0.8245004700689238,1.1743407389814637,0.8580713762505274,0.2376360197858151,0.6031718216069395,0.9240768667313372
adjusted,BRAF,286,129,0.9779676243128906,0.8161249588346101,1.1719046989690465,0.8092707188245096,0.24532636209469927,0.6041356348024183,0.9240768667313372
adjusted,EDNRB,286,129,0.9145804557241778,0.7769947349097263,1.076529057934771,0.28307391862644904,0.11604469315917586,0.6083851748006659,0.6605058101283812
specific_site_adjusted,EGFR,218,88,1.1524694198731655,0.933340740414359,1.423044881929336,0.18722282313175215,0.2643971498499149,0.6243093922651933,0.9377406359494184
specific_site_adjusted,CASP3,218,88,1.27970858854927,1.0465731377291279,1.5647774747593606,0.016234609388901505,0.4547740995323286,0.6365601729521979,0.22728453144462107
specific_site_adjusted,ERBB2,218,88,1.0896129606202951,0.9017104156735476,1.3166714982047576,0.37418689429278895,0.7753171573452065,0.6206261510128913,0.9377406359494184
specific_site_adjusted,MMP9,218,88,0.9174006929658853,0.7326148231401514,1.148794707492946,0.45251292910530394,0.948814253407311,0.6234286171831211,0.9377406359494184
specific_site_adjusted,PIK3CA,218,88,1.0720572368141061,0.8735143454099358,1.3157273547306572,0.5055058434675943,0.5607882635621346,0.6218272079429898,0.9377406359494184
specific_site_adjusted,PIK3CG,218,88,1.0057073324309278,0.8141358008776546,1.2423569107450778,0.9579036608244637,0.924926914836252,0.6179037553046681,0.9771875453256363
specific_site_adjusted,PIK3CD,218,88,0.9115020815847654,0.7363999919350154,1.1282401600116785,0.39456805136240114,0.21627542762131238,0.6235887581071343,0.9377406359494184
specific_site_adjusted,PIK3CB,218,88,1.0625414063308887,0.8618715724208976,1.309933261862215,0.5700061004872197,0.7806943678610553,0.621426855632957,0.9377406359494184
specific_site_adjusted,MDM2,218,88,1.0116285640671439,0.8097050737294859,1.2639075446604602,0.9189345454401199,0.4571420364718176,0.6179838257666747,0.9771875453256363
specific_site_adjusted,VDR,218,88,1.0440448628655046,0.8563992514858884,1.272805497885015,0.6698147399638703,0.02104849656357894,0.6219873488670029,0.9377406359494184
specific_site_adjusted,MMP2,218,88,0.9110614926834578,0.7421916560330438,1.1183540487198034,0.3731829510501722,0.6156615166674348,0.6268716470494035,0.9377406359494184
specific_site_adjusted,MMP7,218,88,0.9554777197004088,0.7759216379218702,1.1765848872174633,0.6680502378828741,0.1118018852392258,0.6206261510128913,0.9377406359494184
specific_site_adjusted,BRAF,218,88,0.9970340775584096,0.813375230118065,1.2221628038371095,0.9771875453256363,0.4616574639504336,0.6171030506846025,0.9771875453256363
specific_site_adjusted,EDNRB,218,88,0.9770936188081466,0.8008439585542072,1.1921322870927014,0.8193924379093395,0.2806041699228944,0.620866362398911,0.9771875453256363
